column_name,question_text,question_type,value,value_label,group
record,record number,continuous,,,
uuid,participant identifier,text,,,
qtime,Total interview time,continuous,-99999,,
qtime,Total interview time,continuous,99999,,
start_date,survey start time,text,,,
date,completition time and date,text,,,
status,participant status,categorical,1,Terminated,
status,participant status,categorical,2,Overquota,
status,participant status,categorical,3,Qualified,
status,participant status,categorical,4,Partial,
,,,,,
,,,,,
,,,,,
,,,,,
,,,,,
,,,,,
,,,,,
,,,,,
,,,,,
,,,,,
,,,,,
,,,,,
,,,,,
,,,,,
,,,,,
,,,,,
,,,,,
,,,,,
,,,,,
,,,,,
,,,,,
,,,,,
,,,,,
,,,,,
,,,,,
,,,,,S4
,,,,,S4
,,,,,S4
,,,,,S4
,,,,,S4
,,,,,S4
,,,,,
,,,,,
,,,,,
,,,,,
,,,,,
,,,,,
,,,,,
,,,,,
,,,,,
,,,,,
,,,,,
,,,,,
,,,,,
,,,,,
,,,,,
,,,,,
,,,,,
,,,,,
,,,,,
,,,,,
,,,,,
,,,,,
,,,,,
,,,,,
,,,,,
,,,,,
,,,,,
,,,,,
,,,,,
,,,,,
,,,,,
,,,,,
,,,,,
,,,,,
,,,,,
,,,,,
,,,,,
,,,,,
,,,,,
,,,,,
,,,,,
,,,,,
,,,,,
,,,,,
,,,,,
,,,,,
,,,,,
,,,,,
,,,,,
,,,,,
,,,,,
,,,,,
,,,,,
,,,,,
,,,,,
,,,,,
,,,,,
,,,,,
,,,,,
,,,,,
,,,,,
,,,,,
,,,,,
,,,,,
,,,,,
,,,,,
,,,,,
,,,,,
,,,,,
,,,,,
,,,,,
,,,,,
,,,,,
,,,,,
,,,,,
,,,,,
,,,,,
,,,,,
,,,,,
,,,,,
,,,,,
,,,,,
,,,,,
,,,,,
,,,,,
,,,,,
,,,,,
,,,,,
,,,,,
,,,,,
,,,,,
,,,,,
,,,,,
,,,,,
,,,,,
,,,,,
,,,,,
,,,,,
,,,,,
,,,,,
,,,,,S4
,,,,,S4
,,,,,S4
,,,,,S4
,,,,,S4
,,,,,S4
,,,,,S4
,,,,,S4
,,,,,S4
,,,,,S4
,,,,,S4
,,,,,S4
,,,,,
,,,,,
,,,,,
,,,,,
,,,,,
,,,,,
,,,,,
,,,,,
,,,,,
,,,,,
,,,,,
,,,,,
,,,,,
,,,,,
,,,,,A0
,,,,,A0
,,,,,A0
,,,,,A0
,,,,,A0
,,,,,A0
,,,,,A0
,,,,,A0
,,,,,A0
,,,,,A0
,,,,,
,,,,,
,,,,,
,,,,,
,,,,,
,,,,,
,,,,,
,,,,,
,,,,,
,,,,,
,,,,,
,,,,,
,,,,,
,,,,,
,,,,,
,,,,,
,,,,,Competency
,,,,,Competency
,,,,,Competency
,,,,,Competency
,,,,,Competency
,,,,,Competency
,,,,,Competency
,,,,,Competency
,,,,,Competency
,,,,,Competency
,,,,,Competency
,,,,,Competency
,,,,,Competency
,,,,,Competency
,,,,,Competency
,,,,,Competency
,,,,,Competency
,,,,,Competency
,,,,,Competency
,,,,,Competency
,,,,,Competency
,,,,,Competency
,,,,,Competency
,,,,,Competency
